ID,output
ID_10877,데이콘
ID_02074,데이콘
ID_00341,데이콘
ID_08041,데이콘
ID_01622,데이콘
ID_07141,데이콘
ID_05796,데이콘
ID_07184,데이콘
ID_08232,데이콘
ID_05475,데이콘
ID_10425,데이콘
ID_00074,데이콘
ID_11142,데이콘
ID_08633,데이콘
ID_10399,데이콘
ID_02051,데이콘
ID_02541,데이콘
ID_01301,데이콘
ID_05877,데이콘
ID_07368,데이콘
ID_01304,데이콘
ID_08428,데이콘
ID_10241,데이콘
ID_02599,데이콘
ID_02573,데이콘
ID_03186,데이콘
ID_02768,데이콘
ID_04831,데이콘
ID_04223,데이콘
ID_10873,데이콘
ID_02106,데이콘
ID_02679,데이콘
ID_01387,데이콘
ID_10062,데이콘
ID_10884,데이콘
ID_07083,데이콘
ID_01279,데이콘
ID_00804,데이콘
ID_01555,데이콘
ID_10690,데이콘
ID_04566,데이콘
ID_10894,데이콘
ID_04841,데이콘
ID_03594,데이콘
ID_06035,데이콘
ID_06852,데이콘
ID_08705,데이콘
ID_04177,데이콘
ID_01308,데이콘
ID_09106,데이콘
ID_03452,데이콘
ID_03695,데이콘
ID_04242,데이콘
ID_02198,데이콘
ID_08966,데이콘
ID_04425,데이콘
ID_06150,데이콘
ID_00943,데이콘
ID_00822,데이콘
ID_05005,데이콘
ID_06612,데이콘
ID_08356,데이콘
ID_05619,데이콘
ID_04547,데이콘
ID_02538,데이콘
ID_09503,데이콘
ID_05207,데이콘
ID_10721,데이콘
ID_10148,데이콘
ID_03054,데이콘
ID_03675,데이콘
ID_07776,데이콘
ID_07218,데이콘
ID_06722,데이콘
ID_03300,데이콘
ID_03310,데이콘
ID_07221,데이콘
ID_08519,데이콘
ID_05954,데이콘
ID_00832,데이콘
ID_03462,데이콘
ID_10513,데이콘
ID_07643,데이콘
ID_00054,데이콘
ID_03451,데이콘
ID_06305,데이콘
ID_01481,데이콘
ID_04873,데이콘
ID_08038,데이콘
ID_03335,데이콘
ID_06016,데이콘
ID_04926,데이콘
ID_09138,데이콘
ID_05797,데이콘
ID_11070,데이콘
ID_05083,데이콘
ID_06645,데이콘
ID_05490,데이콘
ID_00768,데이콘
ID_02065,데이콘
ID_10705,데이콘
ID_07311,데이콘
ID_08477,데이콘
ID_11189,데이콘
ID_04524,데이콘
ID_02717,데이콘
ID_02079,데이콘
ID_08914,데이콘
ID_00951,데이콘
ID_08058,데이콘
ID_02482,데이콘
ID_09181,데이콘
ID_01759,데이콘
ID_09984,데이콘
ID_04422,데이콘
ID_06704,데이콘
ID_09916,데이콘
ID_05182,데이콘
ID_08533,데이콘
ID_03701,데이콘
ID_04243,데이콘
ID_00688,데이콘
ID_03432,데이콘
ID_04944,데이콘
ID_00966,데이콘
ID_10688,데이콘
ID_02713,데이콘
ID_04757,데이콘
ID_10756,데이콘
ID_06320,데이콘
ID_05975,데이콘
ID_03572,데이콘
ID_05299,데이콘
ID_01990,데이콘
ID_01205,데이콘
ID_04971,데이콘
ID_10957,데이콘
ID_06783,데이콘
ID_03600,데이콘
ID_06490,데이콘
ID_08609,데이콘
ID_11238,데이콘
ID_08070,데이콘
ID_08577,데이콘
ID_07973,데이콘
ID_01625,데이콘
ID_00536,데이콘
ID_08766,데이콘
ID_07970,데이콘
ID_04212,데이콘
ID_06456,데이콘
ID_03507,데이콘
ID_08393,데이콘
ID_09524,데이콘
ID_07112,데이콘
ID_02708,데이콘
ID_05031,데이콘
ID_06514,데이콘
ID_04662,데이콘
ID_04021,데이콘
ID_01854,데이콘
ID_10620,데이콘
ID_02872,데이콘
ID_03030,데이콘
ID_09397,데이콘
ID_01645,데이콘
ID_03417,데이콘
ID_03476,데이콘
ID_10763,데이콘
ID_01792,데이콘
ID_03797,데이콘
ID_03368,데이콘
ID_07196,데이콘
ID_10864,데이콘
ID_05109,데이콘
ID_06024,데이콘
ID_08795,데이콘
ID_11150,데이콘
ID_00126,데이콘
ID_05959,데이콘
ID_03876,데이콘
ID_04451,데이콘
ID_07147,데이콘
ID_03531,데이콘
ID_00827,데이콘
ID_09831,데이콘
ID_07790,데이콘
ID_00984,데이콘
ID_07783,데이콘
ID_02443,데이콘
ID_08554,데이콘
ID_00345,데이콘
ID_00814,데이콘
ID_06166,데이콘
ID_05779,데이콘
ID_02116,데이콘
ID_10026,데이콘
ID_00793,데이콘
ID_11198,데이콘
ID_06898,데이콘
ID_02674,데이콘
ID_00094,데이콘
ID_04225,데이콘
ID_03756,데이콘
ID_02891,데이콘
ID_02371,데이콘
ID_10580,데이콘
ID_03228,데이콘
ID_07863,데이콘
ID_06359,데이콘
ID_10361,데이콘
ID_07326,데이콘
ID_06028,데이콘
ID_01865,데이콘
ID_04612,데이콘
ID_10049,데이콘
ID_02645,데이콘
ID_02243,데이콘
ID_05373,데이콘
ID_02336,데이콘
ID_00950,데이콘
ID_01120,데이콘
ID_02204,데이콘
ID_00419,데이콘
ID_00922,데이콘
ID_09446,데이콘
ID_08669,데이콘
ID_10227,데이콘
ID_05408,데이콘
ID_05788,데이콘
ID_05742,데이콘
ID_07667,데이콘
ID_05567,데이콘
ID_08135,데이콘
ID_01202,데이콘
ID_05765,데이콘
ID_08389,데이콘
ID_01970,데이콘
ID_04018,데이콘
ID_03687,데이콘
ID_01997,데이콘
ID_04033,데이콘
ID_01248,데이콘
ID_02192,데이콘
ID_02712,데이콘
ID_09184,데이콘
ID_02190,데이콘
ID_04670,데이콘
ID_05142,데이콘
ID_05984,데이콘
ID_06565,데이콘
ID_07804,데이콘
ID_06943,데이콘
ID_09510,데이콘
ID_10055,데이콘
ID_02136,데이콘
ID_01065,데이콘
ID_00600,데이콘
ID_04227,데이콘
ID_07577,데이콘
ID_00077,데이콘
ID_07546,데이콘
ID_02898,데이콘
ID_04820,데이콘
ID_09506,데이콘
ID_10481,데이콘
ID_06413,데이콘
ID_09444,데이콘
ID_09064,데이콘
ID_08007,데이콘
ID_05468,데이콘
ID_05951,데이콘
ID_03391,데이콘
ID_05415,데이콘
ID_02560,데이콘
ID_11138,데이콘
ID_08162,데이콘
ID_02635,데이콘
ID_05256,데이콘
ID_03530,데이콘
ID_08567,데이콘
ID_01908,데이콘
ID_10434,데이콘
ID_00235,데이콘
ID_01604,데이콘
ID_07984,데이콘
ID_09310,데이콘
ID_03490,데이콘
ID_11091,데이콘
ID_01994,데이콘
ID_02824,데이콘
ID_10460,데이콘
ID_01342,데이콘
ID_08512,데이콘
ID_01619,데이콘
ID_05287,데이콘
ID_02060,데이콘
ID_11208,데이콘
ID_02219,데이콘
ID_09865,데이콘
ID_06038,데이콘
ID_00260,데이콘
ID_10556,데이콘
ID_10231,데이콘
ID_09093,데이콘
ID_03744,데이콘
ID_02026,데이콘
ID_06988,데이콘
ID_04234,데이콘
ID_01917,데이콘
ID_01828,데이콘
ID_09765,데이콘
ID_06233,데이콘
ID_10520,데이콘
ID_06283,데이콘
ID_04208,데이콘
ID_00224,데이콘
ID_08915,데이콘
ID_10002,데이콘
ID_09333,데이콘
ID_06469,데이콘
ID_10607,데이콘
ID_00846,데이콘
ID_04289,데이콘
ID_05560,데이콘
ID_02551,데이콘
ID_00117,데이콘
ID_08837,데이콘
ID_05966,데이콘
ID_08195,데이콘
ID_08659,데이콘
ID_07489,데이콘
ID_00005,데이콘
ID_05342,데이콘
ID_09111,데이콘
ID_04324,데이콘
ID_01063,데이콘
ID_02590,데이콘
ID_08434,데이콘
ID_09352,데이콘
ID_03735,데이콘
ID_03517,데이콘
ID_06986,데이콘
ID_06767,데이콘
ID_05622,데이콘
ID_01605,데이콘
ID_01733,데이콘
ID_10529,데이콘
ID_09504,데이콘
ID_03812,데이콘
ID_10845,데이콘
ID_10167,데이콘
ID_01761,데이콘
ID_05401,데이콘
ID_02739,데이콘
ID_02472,데이콘
ID_06738,데이콘
ID_06891,데이콘
ID_07943,데이콘
ID_09685,데이콘
ID_04206,데이콘
ID_06371,데이콘
ID_10350,데이콘
ID_09361,데이콘
ID_10348,데이콘
ID_00232,데이콘
ID_08258,데이콘
ID_07561,데이콘
ID_09795,데이콘
ID_06168,데이콘
ID_03596,데이콘
ID_06288,데이콘
ID_04632,데이콘
ID_00125,데이콘
ID_07641,데이콘
ID_06229,데이콘
ID_01296,데이콘
ID_01976,데이콘
ID_10684,데이콘
ID_10633,데이콘
ID_10267,데이콘
ID_05750,데이콘
ID_08152,데이콘
ID_03086,데이콘
ID_10451,데이콘
ID_06882,데이콘
ID_10485,데이콘
ID_07673,데이콘
ID_03345,데이콘
ID_08172,데이콘
ID_10615,데이콘
ID_05870,데이콘
ID_06506,데이콘
ID_02797,데이콘
ID_00918,데이콘
ID_01646,데이콘
ID_05122,데이콘
ID_05126,데이콘
ID_04621,데이콘
ID_06809,데이콘
ID_00364,데이콘
ID_02125,데이콘
ID_08150,데이콘
ID_08717,데이콘
ID_00055,데이콘
ID_00638,데이콘
ID_00302,데이콘
ID_05811,데이콘
ID_01276,데이콘
ID_10247,데이콘
ID_04432,데이콘
ID_03644,데이콘
ID_04143,데이콘
ID_02878,데이콘
ID_06493,데이콘
ID_05240,데이콘
ID_10601,데이콘
ID_06937,데이콘
ID_07240,데이콘
ID_09945,데이콘
ID_10160,데이콘
ID_02593,데이콘
ID_02393,데이콘
ID_00523,데이콘
ID_06376,데이콘
ID_06981,데이콘
ID_06677,데이콘
ID_03900,데이콘
ID_10856,데이콘
ID_05585,데이콘
ID_10551,데이콘
ID_07956,데이콘
ID_07570,데이콘
ID_06777,데이콘
ID_10161,데이콘
ID_00671,데이콘
ID_04188,데이콘
ID_00666,데이콘
ID_03266,데이콘
ID_01887,데이콘
ID_08472,데이콘
ID_09911,데이콘
ID_09091,데이콘
ID_07687,데이콘
ID_06031,데이콘
ID_06090,데이콘
ID_06238,데이콘
ID_07350,데이콘
ID_07830,데이콘
ID_00760,데이콘
ID_06254,데이콘
ID_01906,데이콘
ID_03818,데이콘
ID_06269,데이콘
ID_04300,데이콘
ID_05569,데이콘
ID_07941,데이콘
ID_04164,데이콘
ID_05971,데이콘
ID_03579,데이콘
ID_02832,데이콘
ID_05449,데이콘
ID_03472,데이콘
ID_06327,데이콘
ID_00137,데이콘
ID_07043,데이콘
ID_04892,데이콘
ID_02180,데이콘
ID_10320,데이콘
ID_07730,데이콘
ID_03177,데이콘
ID_04854,데이콘
ID_04637,데이콘
ID_05115,데이콘
ID_10480,데이콘
ID_07648,데이콘
ID_04261,데이콘
ID_01331,데이콘
ID_10209,데이콘
ID_07002,데이콘
ID_09550,데이콘
ID_06941,데이콘
ID_08017,데이콘
ID_06241,데이콘
ID_09521,데이콘
ID_11248,데이콘
ID_06881,데이콘
ID_10342,데이콘
ID_04530,데이콘
ID_10314,데이콘
ID_04673,데이콘
ID_06996,데이콘
ID_01252,데이콘
ID_03374,데이콘
ID_02814,데이콘
ID_04719,데이콘
ID_06544,데이콘
ID_10040,데이콘
ID_04858,데이콘
ID_07901,데이콘
ID_08580,데이콘
ID_08427,데이콘
ID_01077,데이콘
ID_10176,데이콘
ID_04363,데이콘
ID_00770,데이콘
ID_10357,데이콘
ID_08865,데이콘
ID_00249,데이콘
ID_09766,데이콘
ID_07239,데이콘
ID_03419,데이콘
ID_10273,데이콘
ID_10015,데이콘
ID_04976,데이콘
ID_04544,데이콘
ID_05565,데이콘
ID_07939,데이콘
ID_00716,데이콘
ID_10876,데이콘
ID_02048,데이콘
ID_05997,데이콘
ID_06600,데이콘
ID_07245,데이콘
ID_04178,데이콘
ID_04809,데이콘
ID_10686,데이콘
ID_07140,데이콘
ID_07190,데이콘
ID_01460,데이콘
ID_05989,데이콘
ID_09860,데이콘
ID_02000,데이콘
ID_08175,데이콘
ID_00404,데이콘
ID_00384,데이콘
ID_10648,데이콘
ID_10691,데이콘
ID_10344,데이콘
ID_01633,데이콘
ID_10766,데이콘
ID_04784,데이콘
ID_10660,데이콘
ID_06970,데이콘
ID_03925,데이콘
ID_04158,데이콘
ID_07449,데이콘
ID_08415,데이콘
ID_02193,데이콘
ID_10016,데이콘
ID_01015,데이콘
ID_05124,데이콘
ID_07418,데이콘
ID_07409,데이콘
ID_08989,데이콘
ID_02871,데이콘
ID_00009,데이콘
ID_10136,데이콘
ID_01838,데이콘
ID_04804,데이콘
ID_00255,데이콘
ID_07026,데이콘
ID_05713,데이콘
ID_03324,데이콘
ID_07714,데이콘
ID_01581,데이콘
ID_00924,데이콘
ID_02779,데이콘
ID_07891,데이콘
ID_06132,데이콘
ID_05320,데이콘
ID_07312,데이콘
ID_07102,데이콘
ID_06042,데이콘
ID_03775,데이콘
ID_04835,데이콘
ID_04964,데이콘
ID_00539,데이콘
ID_07483,데이콘
ID_02745,데이콘
ID_03719,데이콘
ID_06819,데이콘
ID_09337,데이콘
ID_04468,데이콘
ID_00667,데이콘
ID_07575,데이콘
ID_08549,데이콘
ID_05063,데이콘
ID_01353,데이콘
ID_07114,데이콘
ID_11008,데이콘
ID_08662,데이콘
ID_02703,데이콘
ID_03330,데이콘
ID_08053,데이콘
ID_09588,데이콘
ID_03584,데이콘
ID_10640,데이콘
ID_05645,데이콘
ID_03376,데이콘
ID_01256,데이콘
ID_06190,데이콘
ID_09442,데이콘
ID_05348,데이콘
ID_04175,데이콘
ID_04910,데이콘
ID_01852,데이콘
ID_06316,데이콘
ID_11097,데이콘
ID_02105,데이콘
ID_00133,데이콘
ID_05029,데이콘
ID_00928,데이콘
ID_00823,데이콘
ID_07576,데이콘
ID_01531,데이콘
ID_01214,데이콘
ID_00504,데이콘
ID_10188,데이콘
ID_06530,데이콘
ID_03072,데이콘
ID_10150,데이콘
ID_09576,데이콘
ID_09086,데이콘
ID_08647,데이콘
ID_06619,데이콘
ID_09273,데이콘
ID_03709,데이콘
ID_10799,데이콘
ID_04849,데이콘
ID_04748,데이콘
ID_04268,데이콘
ID_11124,데이콘
ID_08905,데이콘
ID_04186,데이콘
ID_10406,데이콘
ID_05301,데이콘
ID_02923,데이콘
ID_06588,데이콘
ID_01810,데이콘
ID_03486,데이콘
ID_07419,데이콘
ID_03141,데이콘
ID_10019,데이콘
ID_09347,데이콘
ID_01324,데이콘
ID_04312,데이콘
ID_07494,데이콘
ID_08702,데이콘
ID_09872,데이콘
ID_08691,데이콘
ID_10708,데이콘
ID_10048,데이콘
ID_09580,데이콘
ID_10578,데이콘
ID_05541,데이콘
ID_06172,데이콘
ID_01540,데이콘
ID_09409,데이콘
ID_02681,데이콘
ID_11128,데이콘
ID_06313,데이콘
ID_01191,데이콘
ID_05293,데이콘
ID_01542,데이콘
ID_07056,데이콘
ID_02539,데이콘
ID_00953,데이콘
ID_07241,데이콘
ID_06731,데이콘
ID_04846,데이콘
ID_06801,데이콘
ID_08010,데이콘
ID_04330,데이콘
ID_08924,데이콘
ID_05334,데이콘
ID_07330,데이콘
ID_09348,데이콘
ID_04729,데이콘
ID_06541,데이콘
ID_05305,데이콘
ID_05161,데이콘
ID_07860,데이콘
ID_02156,데이콘
ID_01062,데이콘
ID_01167,데이콘
ID_03636,데이콘
ID_07651,데이콘
ID_05588,데이콘
ID_07192,데이콘
ID_04491,데이콘
ID_07266,데이콘
ID_04980,데이콘
ID_08335,데이콘
ID_11205,데이콘
ID_04946,데이콘
ID_02782,데이콘
ID_00717,데이콘
ID_10011,데이콘
ID_02502,데이콘
ID_04360,데이콘
ID_04171,데이콘
ID_08082,데이콘
ID_10994,데이콘
ID_00395,데이콘
ID_07186,데이콘
ID_11061,데이콘
ID_04492,데이콘
ID_01365,데이콘
ID_10733,데이콘
ID_08787,데이콘
ID_05917,데이콘
ID_04968,데이콘
ID_02914,데이콘
ID_10518,데이콘
ID_05644,데이콘
ID_03766,데이콘
ID_03440,데이콘
ID_07357,데이콘
ID_06806,데이콘
ID_09879,데이콘
ID_02143,데이콘
ID_05104,데이콘
ID_05073,데이콘
ID_01571,데이콘
ID_04079,데이콘
ID_01122,데이콘
ID_02786,데이콘
ID_02967,데이콘
ID_02504,데이콘
ID_05988,데이콘
ID_08867,데이콘
ID_07164,데이콘
ID_00728,데이콘
ID_07587,데이콘
ID_07543,데이콘
ID_00412,데이콘
ID_09708,데이콘
ID_05745,데이콘
ID_07668,데이콘
ID_00825,데이콘
ID_03267,데이콘
ID_03974,데이콘
ID_08808,데이콘
ID_08306,데이콘
ID_00417,데이콘
ID_09817,데이콘
ID_06748,데이콘
ID_08967,데이콘
ID_02082,데이콘
ID_08945,데이콘
ID_10738,데이콘
ID_03373,데이콘
ID_05726,데이콘
ID_04107,데이콘
ID_10636,데이콘
ID_04380,데이콘
ID_07723,데이콘
ID_01066,데이콘
ID_03913,데이콘
ID_05536,데이콘
ID_08002,데이콘
ID_05387,데이콘
ID_05732,데이콘
ID_02738,데이콘
ID_05052,데이콘
ID_04000,데이콘
ID_09760,데이콘
ID_02427,데이콘
ID_06833,데이콘
ID_10123,데이콘
ID_01687,데이콘
ID_00851,데이콘
ID_06303,데이콘
ID_09087,데이콘
ID_05878,데이콘
ID_08527,데이콘
ID_02839,데이콘
ID_04611,데이콘
ID_09540,데이콘
ID_09207,데이콘
ID_09823,데이콘
ID_02489,데이콘
ID_06905,데이콘
ID_07390,데이콘
ID_02849,데이콘
ID_06665,데이콘
ID_05881,데이콘
ID_10262,데이콘
ID_04452,데이콘
ID_09949,데이콘
ID_07421,데이콘
ID_09827,데이콘
ID_06484,데이콘
ID_02479,데이콘
ID_06617,데이콘
ID_10457,데이콘
ID_02141,데이콘
ID_05188,데이콘
ID_10934,데이콘
ID_02744,데이콘
ID_07253,데이콘
ID_03506,데이콘
ID_01679,데이콘
ID_04249,데이콘
ID_03147,데이콘
ID_08130,데이콘
ID_10486,데이콘
ID_07004,데이콘
ID_00580,데이콘
ID_09662,데이콘
ID_04070,데이콘
ID_03343,데이콘
ID_07404,데이콘
ID_03672,데이콘
ID_00559,데이콘
ID_05237,데이콘
ID_07805,데이콘
ID_00512,데이콘
ID_01081,데이콘
ID_01664,데이콘
ID_09204,데이콘
ID_01931,데이콘
ID_10891,데이콘
ID_01150,데이콘
ID_02838,데이콘
ID_05949,데이콘
ID_08308,데이콘
ID_08932,데이콘
ID_11023,데이콘
ID_05177,데이콘
ID_00830,데이콘
ID_08311,데이콘
ID_04752,데이콘
ID_10992,데이콘
ID_10952,데이콘
ID_00635,데이콘
ID_04465,데이콘
ID_06799,데이콘
ID_07987,데이콘
ID_07079,데이콘
ID_06966,데이콘
ID_04142,데이콘
ID_07027,데이콘
ID_09183,데이콘
ID_00876,데이콘
ID_04869,데이콘
ID_05315,데이콘
ID_05222,데이콘
ID_00004,데이콘
ID_03051,데이콘
ID_05691,데이콘
ID_03124,데이콘
ID_10852,데이콘
ID_02491,데이콘
ID_03854,데이콘
ID_04777,데이콘
ID_09907,데이콘
ID_07509,데이콘
ID_06457,데이콘
ID_06293,데이콘
ID_01148,데이콘
ID_00574,데이콘
ID_03769,데이콘
ID_04146,데이콘
ID_00853,데이콘
ID_10174,데이콘
ID_05919,데이콘
ID_09358,데이콘
ID_06614,데이콘
ID_06002,데이콘
ID_09163,데이콘
ID_04495,데이콘
ID_08173,데이콘
ID_06655,데이콘
ID_02368,데이콘
ID_04780,데이콘
ID_07992,데이콘
ID_02950,데이콘
ID_05625,데이콘
ID_06971,데이콘
ID_08716,데이콘
ID_10647,데이콘
ID_01841,데이콘
ID_05986,데이콘
ID_00537,데이콘
ID_02806,데이콘
ID_05801,데이콘
ID_05596,데이콘
ID_07206,데이콘
ID_07343,데이콘
ID_07560,데이콘
ID_08096,데이콘
ID_00784,데이콘
ID_01409,데이콘
ID_10729,데이콘
ID_00154,데이콘
ID_07806,데이콘
ID_03009,데이콘
ID_01686,데이콘
ID_04014,데이콘
ID_07455,데이콘
ID_03863,데이콘
ID_02733,데이콘
ID_01895,데이콘
ID_05442,데이콘
ID_00569,데이콘
ID_06709,데이콘
ID_05854,데이콘
ID_01816,데이콘
ID_10257,데이콘
ID_08319,데이콘
ID_03394,데이콘
ID_03327,데이콘
ID_11243,데이콘
ID_06102,데이콘
ID_02975,데이콘
ID_00980,데이콘
ID_10492,데이콘
ID_00190,데이콘
ID_09331,데이콘
ID_05088,데이콘
ID_00699,데이콘
ID_10993,데이콘
ID_00606,데이콘
ID_00301,데이콘
ID_03420,데이콘
ID_11040,데이콘
ID_01060,데이콘
ID_10757,데이콘
ID_03444,데이콘
ID_01069,데이콘
ID_10716,데이콘
ID_02205,데이콘
ID_09435,데이콘
ID_07339,데이콘
ID_08208,데이콘
ID_07679,데이콘
ID_04642,데이콘
ID_07683,데이콘
ID_09007,데이콘
ID_07996,데이콘
ID_05600,데이콘
ID_09151,데이콘
ID_07022,데이콘
ID_04893,데이콘
ID_00225,데이콘
ID_03354,데이콘
ID_05895,데이콘
ID_10677,데이콘
ID_08754,데이콘
ID_03436,데이콘
ID_01693,데이콘
ID_06893,데이콘
ID_01045,데이콘
ID_03446,데이콘
ID_08050,데이콘
ID_09146,데이콘
ID_11242,데이콘
ID_10927,데이콘
ID_04735,데이콘
ID_04496,데이콘
ID_01218,데이콘
ID_06015,데이콘
ID_09719,데이콘
ID_03987,데이콘
ID_04911,데이콘
ID_09492,데이콘
ID_04493,데이콘
ID_06944,데이콘
ID_05699,데이콘
ID_08352,데이콘
ID_00956,데이콘
ID_02869,데이콘
ID_04433,데이콘
ID_04973,데이콘
ID_02961,데이콘
ID_02200,데이콘
ID_00098,데이콘
ID_11090,데이콘
ID_02557,데이콘
ID_08445,데이콘
ID_04199,데이콘
ID_09637,데이콘
ID_05539,데이콘
ID_01648,데이콘
ID_09888,데이콘
ID_06197,데이콘
ID_06295,데이콘
ID_04499,데이콘
ID_01154,데이콘
ID_02255,데이콘
ID_09874,데이콘
ID_03170,데이콘
ID_07400,데이콘
ID_10248,데이콘
ID_07158,데이콘
ID_03108,데이콘
ID_04548,데이콘
ID_05423,데이콘
ID_02049,데이콘
ID_09208,데이콘
ID_08815,데이콘
ID_11033,데이콘
ID_00262,데이콘
ID_04061,데이콘
ID_05534,데이콘
ID_06616,데이콘
ID_08120,데이콘
ID_08155,데이콘
ID_01802,데이콘
ID_04736,데이콘
ID_02385,데이콘
ID_06694,데이콘
ID_05759,데이콘
ID_01959,데이콘
ID_02976,데이콘
ID_08680,데이콘
ID_01843,데이콘
ID_01734,데이콘
ID_02911,데이콘
ID_08338,데이콘
ID_01986,데이콘
ID_09561,데이콘
ID_06546,데이콘
ID_07098,데이콘
ID_02811,데이콘
ID_00659,데이콘
ID_09986,데이콘
ID_02511,데이콘
ID_04282,데이콘
ID_09339,데이콘
ID_08800,데이콘
ID_06287,데이콘
ID_01930,데이콘
ID_07125,데이콘
ID_00197,데이콘
ID_07777,데이콘
ID_02931,데이콘
ID_08004,데이콘
ID_02327,데이콘
ID_04389,데이콘
ID_08958,데이콘
ID_04218,데이콘
ID_00202,데이콘
ID_03510,데이콘
ID_04931,데이콘
ID_05535,데이콘
ID_09925,데이콘
ID_05791,데이콘
ID_10969,데이콘
ID_01707,데이콘
ID_05172,데이콘
ID_05249,데이콘
ID_06528,데이콘
ID_11088,데이콘
ID_05855,데이콘
ID_08164,데이콘
ID_00854,데이콘
ID_04737,데이콘
ID_10352,데이콘
ID_00698,데이콘
ID_03696,데이콘
ID_01636,데이콘
ID_07280,데이콘
ID_07554,데이콘
ID_03581,데이콘
ID_01291,데이콘
ID_06585,데이콘
ID_01853,데이콘
ID_05232,데이콘
ID_03763,데이콘
ID_03304,데이콘
ID_01495,데이콘
ID_07994,데이콘
ID_01998,데이콘
ID_00663,데이콘
ID_03748,데이콘
ID_04413,데이콘
ID_05530,데이콘
ID_05575,데이콘
ID_08901,데이콘
ID_07526,데이콘
ID_09474,데이콘
ID_05864,데이콘
ID_10867,데이콘
ID_06776,데이콘
ID_01306,데이콘
ID_07392,데이콘
ID_10429,데이콘
ID_05592,데이콘
ID_10230,데이콘
ID_09721,데이콘
ID_01663,데이콘
ID_05450,데이콘
ID_11184,데이콘
ID_11207,데이콘
ID_03627,데이콘
ID_02693,데이콘
ID_09789,데이콘
ID_10921,데이콘
ID_10817,데이콘
ID_05915,데이콘
ID_03157,데이콘
ID_09914,데이콘
ID_06668,데이콘
ID_01059,데이콘
ID_04636,데이콘
ID_03242,데이콘
ID_01678,데이콘
ID_06892,데이콘
ID_06374,데이콘
ID_07574,데이콘
ID_01757,데이콘
ID_06019,데이콘
ID_05116,데이콘
ID_08755,데이콘
ID_07408,데이콘
ID_02790,데이콘
ID_00863,데이콘
ID_07858,데이콘
ID_01484,데이콘
ID_07035,데이콘
ID_07721,데이콘
ID_05977,데이콘
ID_05134,데이콘
ID_00206,데이콘
ID_04488,데이콘
ID_06938,데이콘
ID_09062,데이콘
ID_06910,데이콘
ID_00502,데이콘
ID_07385,데이콘
ID_01028,데이콘
ID_03840,데이콘
ID_10882,데이콘
ID_08110,데이콘
ID_05056,데이콘
ID_09762,데이콘
ID_08154,데이콘
ID_10965,데이콘
ID_02731,데이콘
ID_08996,데이콘
ID_02454,데이콘
ID_07215,데이콘
ID_03104,데이콘
ID_08392,데이콘
ID_06278,데이콘
ID_03099,데이콘
ID_06184,데이콘
ID_10470,데이콘
ID_03561,데이콘
ID_05892,데이콘
ID_00391,데이콘
ID_06736,데이콘
ID_05618,데이콘
ID_05258,데이콘
ID_09687,데이콘
ID_02695,데이콘
ID_02027,데이콘
ID_05463,데이콘
ID_02568,데이콘
ID_08006,데이콘
ID_00064,데이콘
ID_02062,데이콘
ID_05276,데이콘
ID_07208,데이콘
ID_08684,데이콘
ID_08571,데이콘
ID_06331,데이콘
ID_04859,데이콘
ID_04887,데이콘
ID_09268,데이콘
ID_00878,데이콘
ID_08529,데이콘
ID_07916,데이콘
ID_06863,데이콘
ID_07892,데이콘
ID_06439,데이콘
ID_07869,데이콘
ID_01016,데이콘
ID_09467,데이콘
ID_07629,데이콘
ID_00995,데이콘
ID_10173,데이콘
ID_04297,데이콘
ID_00161,데이콘
ID_05675,데이콘
ID_06873,데이콘
ID_09692,데이콘
ID_07989,데이콘
ID_03843,데이콘
ID_10805,데이콘
ID_01021,데이콘
ID_03073,데이콘
ID_07555,데이콘
ID_03943,데이콘
ID_01585,데이콘
ID_10147,데이콘
ID_03152,데이콘
ID_08226,데이콘
ID_00775,데이콘
ID_10748,데이콘
ID_09670,데이콘
ID_07099,데이콘
ID_05486,데이콘
ID_06235,데이콘
ID_09555,데이콘
ID_07041,데이콘
ID_02612,데이콘
ID_07513,데이콘
ID_11016,데이콘
ID_10233,데이콘
ID_08433,데이콘
ID_10253,데이콘
ID_10555,데이콘
ID_08792,데이콘
ID_10627,데이콘
ID_05393,데이콘
ID_11080,데이콘
ID_08838,데이콘
ID_03890,데이콘
ID_03556,데이콘
ID_01528,데이콘
ID_01267,데이콘
ID_07734,데이콘
ID_01899,데이콘
ID_04658,데이콘
ID_03005,데이콘
ID_02734,데이콘
ID_00189,데이콘
ID_09998,데이콘
ID_09167,데이콘
ID_02747,데이콘
ID_02047,데이콘
ID_07849,데이콘
ID_02558,데이콘
ID_09274,데이콘
ID_08666,데이콘
ID_11096,데이콘
ID_06396,데이콘
ID_03385,데이콘
ID_04555,데이콘
ID_01184,데이콘
ID_06420,데이콘
ID_05051,데이콘
ID_05311,데이콘
ID_02433,데이콘
ID_06949,데이콘
ID_10583,데이콘
ID_00769,데이콘
ID_01685,데이콘
ID_08322,데이콘
ID_11111,데이콘
ID_05578,데이콘
ID_04426,데이콘
ID_00466,데이콘
ID_06265,데이콘
ID_05734,데이콘
ID_05191,데이콘
ID_05390,데이콘
ID_00860,데이콘
ID_07270,데이콘
